{
    "metadata": {
        "num_countries": 209
    },
    "countries": {
        "AF": {
            "names": {
                "name": "Afghanistan",
                "numericCode": "004",
                "officialName": "Islamic_Emirate_of_Afghanistan",
                "threeLetterCode": "AFG"
            }
        },
        "AL": {
            "names": {
                "name": "Albania",
                "numericCode": "008",
                "officialName": "Republic_of_Albania",
                "threeLetterCode": "ALB"
            }
        },
        "DZ": {
            "names": {
                "name": "Algeria",
                "numericCode": "012",
                "officialName": "Peoples_Democratic_Republic_of_Algeria",
                "threeLetterCode": "DZA"
            }
        },
        "AS": {
            "names": {
                "name": "American_Samoa",
                "numericCode": "016",
                "officialName": "American_Samoa",
                "threeLetterCode": "ASM"
            }
        },
        "AD": {
            "names": {
                "name": "Andorra",
                "numericCode": "020",
                "officialName": "Principality_of_Andorra",
                "threeLetterCode": "AND"
            }
        },
        "AO": {
            "names": {
                "name": "Angola",
                "numericCode": "024",
                "officialName": "Republic_of_Angola",
                "threeLetterCode": "AGO"
            }
        },
        "AG": {
            "names": {
                "name": "Antigua_and_Barbuda",
                "numericCode": "028",
                "officialName": "Antigua_and_Barbuda",
                "threeLetterCode": "ATG"
            }
        },
        "AR": {
            "names": {
                "name": "Argentina",
                "numericCode": "032",
                "officialName": "Argentine_Republic",
                "threeLetterCode": "ARG"
            }
        },
        "AM": {
            "names": {
                "name": "Armenia",
                "numericCode": "051",
                "officialName": "Republic_of_Armenia",
                "threeLetterCode": "ARM"
            }
        },
        "AU": {
            "names": {
                "name": "Australia",
                "numericCode": "036",
                "officialName": "Commonwealth_of_Australia",
                "threeLetterCode": "AUS"
            }
        },
        "AT": {
            "names": {
                "name": "Austria",
                "numericCode": "040",
                "officialName": "Republic_of_Austria",
                "threeLetterCode": "AUT"
            }
        },
        "AZ": {
            "names": {
                "name": "Azerbaijan",
                "numericCode": "031",
                "officialName": "Republic_of_Azerbaijan",
                "threeLetterCode": "AZE"
            }
        },
        "BS": {
            "names": {
                "name": "Bahamas",
                "numericCode": "044",
                "officialName": "Commonwealth_of_the_Bahamas",
                "threeLetterCode": "BHS"
            }
        },
        "BH": {
            "names": {
                "name": "Bahrain",
                "numericCode": "048",
                "officialName": "Kingdom_of_Bahrain",
                "threeLetterCode": "BHR"
            }
        },
        "BD": {
            "names": {
                "name": "Bangladesh",
                "numericCode": "050",
                "officialName": "Peoples_Republic_of_Bangladesh",
                "threeLetterCode": "BGD"
            }
        },
        "BB": {
            "names": {
                "name": "Barbados",
                "numericCode": "052",
                "officialName": "Barbados",
                "threeLetterCode": "BRB"
            }
        },
        "BY": {
            "names": {
                "name": "Belarus",
                "numericCode": "112",
                "officialName": "Republic_of_Belarus",
                "threeLetterCode": "BLR"
            }
        },
        "BE": {
            "names": {
                "name": "Belgium",
                "numericCode": "056",
                "officialName": "Kingdom_of_Belgium",
                "threeLetterCode": "BEL"
            }
        },
        "BZ": {
            "names": {
                "name": "Belize",
                "numericCode": "084",
                "officialName": "Belize",
                "threeLetterCode": "BLZ"
            }
        },
        "BJ": {
            "names": {
                "name": "Benin",
                "numericCode": "204",
                "officialName": "Republic_of_Benin",
                "threeLetterCode": "BEN"
            }
        },
        "BM": {
            "names": {
                "name": "Bermuda",
                "numericCode": "060",
                "officialName": "Bermuda",
                "threeLetterCode": "BMU"
            }
        },
        "BT": {
            "names": {
                "name": "Bhutan",
                "numericCode": "064",
                "officialName": "Kingdom_of_Bhutan",
                "threeLetterCode": "BTN"
            }
        },
        "BO": {
            "names": {
                "name": "Bolivia",
                "numericCode": "068",
                "officialName": "Plurinational_State_of_Bolivia",
                "threeLetterCode": "BOL"
            }
        },
        "BA": {
            "names": {
                "name": "Bosnia_and_Herzegovina",
                "numericCode": "070",
                "officialName": "Bosnia_and_Herzegovina",
                "threeLetterCode": "BIH"
            }
        },
        "BW": {
            "names": {
                "name": "Botswana",
                "numericCode": "072",
                "officialName": "Republic_of_Botswana",
                "threeLetterCode": "BWA"
            }
        },
        "BR": {
            "names": {
                "name": "Brazil",
                "numericCode": "076",
                "officialName": "Federative_Republic_of_Brazil",
                "threeLetterCode": "BRA"
            }
        },
        "BN": {
            "names": {
                "name": "Brunei",
                "numericCode": "096",
                "officialName": "Brunei_Darussalam",
                "threeLetterCode": "BRN"
            }
        },
        "BG": {
            "names": {
                "name": "Bulgaria",
                "numericCode": "100",
                "officialName": "Republic_of_Bulgaria",
                "threeLetterCode": "BGR"
            }
        },
        "BF": {
            "names": {
                "name": "Burkina_Faso",
                "numericCode": "854",
                "officialName": "Burkina_Faso",
                "threeLetterCode": "BFA"
            }
        },
        "BI": {
            "names": {
                "name": "Burundi",
                "numericCode": "108",
                "officialName": "Republic_of_Burundi",
                "threeLetterCode": "BDI"
            }
        },
        "KH": {
            "names": {
                "name": "Cambodia",
                "numericCode": "116",
                "officialName": "Kingdom_of_Cambodia",
                "threeLetterCode": "KHM"
            }
        },
        "CM": {
            "names": {
                "name": "Cameroon",
                "numericCode": "120",
                "officialName": "Republic_of_Cameroon",
                "threeLetterCode": "CMR"
            }
        },
        "CA": {
            "names": {
                "name": "Canada",
                "numericCode": "124",
                "officialName": "Dominion_of_Canada",
                "threeLetterCode": "CAN"
            }
        },
        "CV": {
            "names": {
                "name": "Cape_Verde",
                "numericCode": "132",
                "officialName": "Republic_of_Cabo_Verde",
                "threeLetterCode": "CPV"
            }
        },
        "CF": {
            "names": {
                "name": "Central_African_Republic",
                "numericCode": "140",
                "officialName": "Central_African_Republic",
                "threeLetterCode": "CAF"
            }
        },
        "TD": {
            "names": {
                "name": "Chad",
                "numericCode": "148",
                "officialName": "Republic_of_Chad",
                "threeLetterCode": "TCD"
            }
        },
        "CL": {
            "names": {
                "name": "Chile",
                "numericCode": "152",
                "officialName": "Republic_of_Chile",
                "threeLetterCode": "CHL"
            }
        },
        "CN": {
            "names": {
                "name": "China",
                "numericCode": "156",
                "officialName": "Peoples_Republic_of_China",
                "threeLetterCode": "CHN"
            }
        },
        "CO": {
            "names": {
                "name": "Colombia",
                "numericCode": "170",
                "officialName": "Republic_of_Colombia",
                "threeLetterCode": "COL"
            }
        },
        "KM": {
            "names": {
                "name": "Comoros",
                "numericCode": "174",
                "officialName": "Union_of_the_Comoros",
                "threeLetterCode": "COM"
            }
        },
        "CK": {
            "names": {
                "name": "Cook_Islands",
                "numericCode": "184",
                "officialName": "Cook_Islands",
                "threeLetterCode": "COK"
            }
        },
        "CR": {
            "names": {
                "name": "Costa_Rica",
                "numericCode": "188",
                "officialName": "Republic_of_Costa_Rica",
                "threeLetterCode": "CRI"
            }
        },
        "HR": {
            "names": {
                "name": "Croatia",
                "numericCode": "191",
                "officialName": "Republic_of_Croatia",
                "threeLetterCode": "HRV"
            }
        },
        "CU": {
            "names": {
                "name": "Cuba",
                "numericCode": "192",
                "officialName": "Republic_of_Cuba",
                "threeLetterCode": "CUB"
            }
        },
        "CY": {
            "names": {
                "name": "Cyprus",
                "numericCode": "196",
                "officialName": "Republic_of_Cyprus",
                "threeLetterCode": "CYP"
            }
        },
        "CZ": {
            "names": {
                "name": "Czech_Republic",
                "numericCode": "203",
                "officialName": "Czech_Republic",
                "threeLetterCode": "CZE"
            }
        },
        "CD": {
            "names": {
                "name": "Democratic_Republic_of_the_Congo",
                "numericCode": "180",
                "officialName": "Democratic_Republic_of_the_Congo",
                "threeLetterCode": "COD"
            }
        },
        "DK": {
            "names": {
                "name": "Denmark",
                "numericCode": "208",
                "officialName": "Kingdom_of_Denmark",
                "threeLetterCode": "DNK"
            }
        },
        "DJ": {
            "names": {
                "name": "Djibouti",
                "numericCode": "262",
                "officialName": "Republic_of_Djibouti",
                "threeLetterCode": "DJI"
            }
        },
        "DM": {
            "names": {
                "name": "Dominica",
                "numericCode": "212",
                "officialName": "Commonwealth_of_Dominica",
                "threeLetterCode": "DMA"
            }
        },
        "DO": {
            "names": {
                "name": "Dominican_Republic",
                "numericCode": "214",
                "officialName": "Dominican_Republic",
                "threeLetterCode": "DOM"
            }
        },
        "EC": {
            "names": {
                "name": "Ecuador",
                "numericCode": "218",
                "officialName": "Republic_of_Ecuador",
                "threeLetterCode": "ECU"
            }
        },
        "EG": {
            "names": {
                "name": "Egypt",
                "numericCode": "818",
                "officialName": "Arab_Republic_of_Egypt",
                "threeLetterCode": "EGY"
            }
        },
        "SV": {
            "names": {
                "name": "El_Salvador",
                "numericCode": "222",
                "officialName": "Republic_of_El_Salvador",
                "threeLetterCode": "SLV"
            }
        },
        "GQ": {
            "names": {
                "name": "Equatorial_Guinea",
                "numericCode": "226",
                "officialName": "Republic_of_Equatorial_Guinea",
                "threeLetterCode": "GNQ"
            }
        },
        "ER": {
            "names": {
                "name": "Eritrea",
                "numericCode": "232",
                "officialName": "State_of_Eritrea",
                "threeLetterCode": "ERI"
            }
        },
        "EE": {
            "names": {
                "name": "Estonia",
                "numericCode": "233",
                "officialName": "Republic_of_Estonia",
                "threeLetterCode": "EST"
            }
        },
        "SZ": {
            "names": {
                "name": "Eswatini",
                "numericCode": "748",
                "officialName": "Kingdom_of_Eswatini",
                "threeLetterCode": "SWZ"
            }
        },
        "ET": {
            "names": {
                "name": "Ethiopia",
                "numericCode": "231",
                "officialName": "Federal_Democratic_Republic_of_Ethiopia",
                "threeLetterCode": "ETH"
            }
        },
        "FO": {
            "names": {
                "name": "Faroe_Islands",
                "numericCode": "234",
                "officialName": "Faroe_Islands",
                "threeLetterCode": "FRO"
            }
        },
        "FJ": {
            "names": {
                "name": "Fiji",
                "numericCode": "242",
                "officialName": "Republic_of_Fiji",
                "threeLetterCode": "FJI"
            }
        },
        "FI": {
            "names": {
                "name": "Finland",
                "numericCode": "246",
                "officialName": "Republic_of_Finland",
                "threeLetterCode": "FIN"
            }
        },
        "FR": {
            "names": {
                "name": "France",
                "numericCode": "250",
                "officialName": "French_Republic",
                "threeLetterCode": "FRA"
            }
        },
        "PF": {
            "names": {
                "name": "French_Polynesia",
                "numericCode": "258",
                "officialName": "French_Polynesia",
                "threeLetterCode": "PYF"
            }
        },
        "GA": {
            "names": {
                "name": "Gabon",
                "numericCode": "266",
                "officialName": "Gabonese_Republic",
                "threeLetterCode": "GAB"
            }
        },
        "GM": {
            "names": {
                "name": "Gambia",
                "numericCode": "270",
                "officialName": "Republic_of_the_Gambia",
                "threeLetterCode": "GMB"
            }
        },
        "GE": {
            "names": {
                "name": "Georgia",
                "numericCode": "268",
                "officialName": "Republic_of_Georgia",
                "threeLetterCode": "GEO"
            }
        },
        "DE": {
            "names": {
                "name": "Germany",
                "numericCode": "276",
                "officialName": "Federal_Republic_of_Germany",
                "threeLetterCode": "DEU"
            }
        },
        "GH": {
            "names": {
                "name": "Ghana",
                "numericCode": "288",
                "officialName": "Republic_of_Ghana",
                "threeLetterCode": "GHA"
            }
        },
        "GR": {
            "names": {
                "name": "Greece",
                "numericCode": "300",
                "officialName": "Hellenic_Republic",
                "threeLetterCode": "GRC"
            }
        },
        "GD": {
            "names": {
                "name": "Grenada",
                "numericCode": "308",
                "officialName": "Grenada",
                "threeLetterCode": "GRD"
            }
        },
        "GU": {
            "names": {
                "name": "Guam",
                "numericCode": "316",
                "officialName": "Guam",
                "threeLetterCode": "GUM"
            }
        },
        "GT": {
            "names": {
                "name": "Guatemala",
                "numericCode": "320",
                "officialName": "Republic_of_Guatemala",
                "threeLetterCode": "GTM"
            }
        },
        "GN": {
            "names": {
                "name": "Guinea",
                "numericCode": "324",
                "officialName": "Republic_of_Guinea",
                "threeLetterCode": "GIN"
            }
        },
        "GW": {
            "names": {
                "name": "Guinea_Bissau",
                "numericCode": "624",
                "officialName": "Republic_of_Guinea_Bissau",
                "threeLetterCode": "GNB"
            }
        },
        "GY": {
            "names": {
                "name": "Guyana",
                "numericCode": "328",
                "officialName": "Co_operative_Republic_of_Guyana",
                "threeLetterCode": "GUY"
            }
        },
        "HT": {
            "names": {
                "name": "Haiti",
                "numericCode": "332",
                "officialName": "Republic_of_Haiti",
                "threeLetterCode": "HTI"
            }
        },
        "HN": {
            "names": {
                "name": "Honduras",
                "numericCode": "340",
                "officialName": "Republic_of_Honduras",
                "threeLetterCode": "HND"
            }
        },
        "HK": {
            "names": {
                "name": "Hong_Kong",
                "numericCode": "344",
                "officialName": "Hong_Kong_Special_Administrative_Region_of_the_People's_Republic_of_China",
                "threeLetterCode": "HKG"
            }
        },
        "HU": {
            "names": {
                "name": "Hungary",
                "numericCode": "348",
                "officialName": "Hungary",
                "threeLetterCode": "HUN"
            }
        },
        "IS": {
            "names": {
                "name": "Iceland",
                "numericCode": "352",
                "officialName": "Republic_of_Iceland",
                "threeLetterCode": "ISL"
            }
        },
        "IN": {
            "names": {
                "name": "India",
                "numericCode": "356",
                "officialName": "Republic_of_India",
                "threeLetterCode": "IND"
            }
        },
        "ID": {
            "names": {
                "name": "Indonesia",
                "numericCode": "360",
                "officialName": "Republic_of_Indonesia",
                "threeLetterCode": "IDN"
            }
        },
        "IR": {
            "names": {
                "name": "Iran",
                "numericCode": "364",
                "officialName": "Islamic_Republic_of_Iran",
                "threeLetterCode": "IRN"
            }
        },
        "IQ": {
            "names": {
                "name": "Iraq",
                "numericCode": "368",
                "officialName": "Republic_of_Iraq",
                "threeLetterCode": "IRQ"
            }
        },
        "IE": {
            "names": {
                "name": "Ireland",
                "numericCode": "372",
                "officialName": "Republic_of_Ireland",
                "threeLetterCode": "IRL"
            }
        },
        "IL": {
            "names": {
                "name": "Israel",
                "numericCode": "376",
                "officialName": "State_of_Israel",
                "threeLetterCode": "ISR"
            }
        },
        "IT": {
            "names": {
                "name": "Italy",
                "numericCode": "380",
                "officialName": "Italian_Republic/Republic_of_Italy",
                "threeLetterCode": "ITA"
            }
        },
        "CI": {
            "names": {
                "name": "Ivory_Coast",
                "numericCode": "384",
                "officialName": "Republic_of_Côte_dIvoire",
                "threeLetterCode": "CIV"
            }
        },
        "JM": {
            "names": {
                "name": "Jamaica",
                "numericCode": "388",
                "officialName": "Jamaica",
                "threeLetterCode": "JAM"
            }
        },
        "JP": {
            "names": {
                "name": "Japan",
                "numericCode": "392",
                "officialName": "Japan",
                "threeLetterCode": "JPN"
            }
        },
        "JO": {
            "names": {
                "name": "Jordan",
                "numericCode": "400",
                "officialName": "Hashemite_Kingdom_of_Jordan",
                "threeLetterCode": "JOR"
            }
        },
        "KZ": {
            "names": {
                "name": "Kazakhstan",
                "numericCode": "398",
                "officialName": "Republic_of_Kazakhstan",
                "threeLetterCode": "KAZ"
            }
        },
        "KE": {
            "names": {
                "name": "Kenya",
                "numericCode": "404",
                "officialName": "Republic_of_Kenya",
                "threeLetterCode": "KEN"
            }
        },
        "KI": {
            "names": {
                "name": "Kiribati",
                "numericCode": "296",
                "officialName": "Republic_of_Kiribati",
                "threeLetterCode": "KIR"
            }
        },
        "KW": {
            "names": {
                "name": "Kuwait",
                "numericCode": "414",
                "officialName": "State_of_Kuwait",
                "threeLetterCode": "KWT"
            }
        },
        "KG": {
            "names": {
                "name": "Kyrgyzstan",
                "numericCode": "417",
                "officialName": "Kyrgyz_Republic",
                "threeLetterCode": "KGZ"
            }
        },
        "LA": {
            "names": {
                "name": "Laos",
                "numericCode": "418",
                "officialName": "Laos_Peoples_Democratic_Republic",
                "threeLetterCode": "LAO"
            }
        },
        "LV": {
            "names": {
                "name": "Latvia",
                "numericCode": "428",
                "officialName": "Republic_of_Latvia",
                "threeLetterCode": "LVA"
            }
        },
        "LB": {
            "names": {
                "name": "Lebanon",
                "numericCode": "422",
                "officialName": "Lebanese_Republic",
                "threeLetterCode": "LBN"
            }
        },
        "LS": {
            "names": {
                "name": "Lesotho",
                "numericCode": "426",
                "officialName": "Kingdom_of_Lesotho",
                "threeLetterCode": "LSO"
            }
        },
        "LR": {
            "names": {
                "name": "Liberia",
                "numericCode": "430",
                "officialName": "Republic_of_Liberia",
                "threeLetterCode": "LBR"
            }
        },
        "LY": {
            "names": {
                "name": "Libya",
                "numericCode": "434",
                "officialName": "State_of_Libya",
                "threeLetterCode": "LBY"
            }
        },
        "LI": {
            "names": {
                "name": "Liechtenstein",
                "numericCode": "438",
                "officialName": "Principality_of_Liechtenstein",
                "threeLetterCode": "LIE"
            }
        },
        "LT": {
            "names": {
                "name": "Lithuania",
                "numericCode": "440",
                "officialName": "Republic_of_Lithuania",
                "threeLetterCode": "LTU"
            }
        },
        "LU": {
            "names": {
                "name": "Luxembourg",
                "numericCode": "442",
                "officialName": "Grand_Duchy_of_Luxembourg",
                "threeLetterCode": "LUX"
            }
        },
        "MO": {
            "names": {
                "name": "Macau",
                "numericCode": "446",
                "officialName": "Macao_Special_Administrative_Region_of_the_People's_Republic_of_China",
                "threeLetterCode": "MAC"
            }
        },
        "MG": {
            "names": {
                "name": "Madagascar",
                "numericCode": "450",
                "officialName": "Republic_of_Madagascar",
                "threeLetterCode": "MDG"
            }
        },
        "MW": {
            "names": {
                "name": "Malawi",
                "numericCode": "454",
                "officialName": "Republic_of_Malawi",
                "threeLetterCode": "MWI"
            }
        },
        "MY": {
            "names": {
                "name": "Malaysia",
                "numericCode": "458",
                "officialName": "Federation_of_Malaysia",
                "threeLetterCode": "MYS"
            }
        },
        "MV": {
            "names": {
                "name": "Maldives",
                "numericCode": "462",
                "officialName": "Republic_of_Maldives",
                "threeLetterCode": "MDV"
            }
        },
        "ML": {
            "names": {
                "name": "Mali",
                "numericCode": "466",
                "officialName": "Republic_of_Mali",
                "threeLetterCode": "MLI"
            }
        },
        "MT": {
            "names": {
                "name": "Malta",
                "numericCode": "470",
                "officialName": "Republic_of_Malta",
                "threeLetterCode": "MLT"
            }
        },
        "MH": {
            "names": {
                "name": "Marshall_Islands",
                "numericCode": "584",
                "officialName": "Republic_of_the_Marshall_Islands",
                "threeLetterCode": "MHL"
            }
        },
        "MR": {
            "names": {
                "name": "Mauritania",
                "numericCode": "478",
                "officialName": "Islamic_Republic_of_Mauritania",
                "threeLetterCode": "MRT"
            }
        },
        "MU": {
            "names": {
                "name": "Mauritius",
                "numericCode": "480",
                "officialName": "Republic_of_Mauritius",
                "threeLetterCode": "MUS"
            }
        },
        "MX": {
            "names": {
                "name": "Mexico",
                "numericCode": "484",
                "officialName": "United_Mexican_States",
                "threeLetterCode": "MEX"
            }
        },
        "FM": {
            "names": {
                "name": "Micronesia",
                "numericCode": "583",
                "officialName": "Federated_States_of_Micronesia",
                "threeLetterCode": "FSM"
            }
        },
        "MD": {
            "names": {
                "name": "Moldova",
                "numericCode": "498",
                "officialName": "Republic_of_Moldova",
                "threeLetterCode": "MDA"
            }
        },
        "MC": {
            "names": {
                "name": "Monaco",
                "numericCode": "492",
                "officialName": "Principality_of_Monaco",
                "threeLetterCode": "MCO"
            }
        },
        "MN": {
            "names": {
                "name": "Mongolia",
                "numericCode": "496",
                "officialName": "Mongolia",
                "threeLetterCode": "MNG"
            }
        },
        "ME": {
            "names": {
                "name": "Montenegro",
                "numericCode": "499",
                "officialName": "People's_Republic_of_Montenegro",
                "threeLetterCode": "MNE"
            }
        },
        "MA": {
            "names": {
                "name": "Morocco",
                "numericCode": "504",
                "officialName": "Kingdom_of_Morocco",
                "threeLetterCode": "MAR"
            }
        },
        "MZ": {
            "names": {
                "name": "Mozambique",
                "numericCode": "508",
                "officialName": "Republic_of_Mozambique",
                "threeLetterCode": "MOZ"
            }
        },
        "MM": {
            "names": {
                "name": "Myanmar",
                "numericCode": "104",
                "officialName": "Republic_of_the_Union_of_Myanmar",
                "threeLetterCode": "MMR"
            }
        },
        "NA": {
            "names": {
                "name": "Namibia",
                "numericCode": "516",
                "officialName": "Republic_of_Namibia",
                "threeLetterCode": "NAM"
            }
        },
        "NR": {
            "names": {
                "name": "Nauru",
                "numericCode": "520",
                "officialName": "Republic_of_Nauru",
                "threeLetterCode": "NRU"
            }
        },
        "NP": {
            "names": {
                "name": "Nepal",
                "numericCode": "524",
                "officialName": "Federal_Democratic_Republic_of_Nepal",
                "threeLetterCode": "NPL"
            }
        },
        "NL": {
            "names": {
                "name": "Netherlands",
                "numericCode": "528",
                "officialName": "Kingdom_of_the_Netherlands",
                "threeLetterCode": "NLD"
            }
        },
        "NC": {
            "names": {
                "name": "New_Caledonia",
                "numericCode": "540",
                "officialName": "New_Caledonia",
                "threeLetterCode": "NCL"
            }
        },
        "NZ": {
            "names": {
                "name": "New_Zealand",
                "numericCode": "554",
                "officialName": "New_Zealand",
                "threeLetterCode": "NZL"
            }
        },
        "NI": {
            "names": {
                "name": "Nicaragua",
                "numericCode": "558",
                "officialName": "Republic_of_Nicaragua",
                "threeLetterCode": "NIC"
            }
        },
        "NE": {
            "names": {
                "name": "Niger",
                "numericCode": "562",
                "officialName": "Republic_of_the_Niger",
                "threeLetterCode": "NER"
            }
        },
        "NG": {
            "names": {
                "name": "Nigeria",
                "numericCode": "566",
                "officialName": "Federal_Republic_of_Nigeria",
                "threeLetterCode": "NGA"
            }
        },
        "NU": {
            "names": {
                "name": "Niue",
                "numericCode": "570",
                "officialName": "Niue",
                "threeLetterCode": "NIU"
            }
        },
        "KP": {
            "names": {
                "name": "North_Korea",
                "numericCode": "408",
                "officialName": "Democratic_Peoples_Republic_of_Korea",
                "threeLetterCode": "PRK"
            }
        },
        "MK": {
            "names": {
                "name": "North_Macedonia",
                "numericCode": "807",
                "officialName": "Republic_of_North_Macedonia",
                "threeLetterCode": "MKD"
            }
        },
        "MP": {
            "names": {
                "name": "Northern_Mariana_Islands",
                "numericCode": "580",
                "officialName": "Commonwealth_of_the_Northern_Mariana_Islands",
                "threeLetterCode": "MNP"
            }
        },
        "NO": {
            "names": {
                "name": "Norway",
                "numericCode": "578",
                "officialName": "Kingdom_of_Norway",
                "threeLetterCode": "NOR"
            }
        },
        "OM": {
            "names": {
                "name": "Oman",
                "numericCode": "512",
                "officialName": "Sultanate_of_Oman",
                "threeLetterCode": "OMN"
            }
        },
        "PK": {
            "names": {
                "name": "Pakistan",
                "numericCode": "586",
                "officialName": "Islamic_Republic_of_Pakistan",
                "threeLetterCode": "PAK"
            }
        },
        "PW": {
            "names": {
                "name": "Palau",
                "numericCode": "585",
                "officialName": "Republic_of_Palau",
                "threeLetterCode": "PLW"
            }
        },
        "PS": {
            "names": {
                "name": "Palestine",
                "numericCode": "275",
                "officialName": "State_of_Palestine",
                "threeLetterCode": "PSE"
            }
        },
        "PA": {
            "names": {
                "name": "Panama",
                "numericCode": "591",
                "officialName": "Republic_of_Panama",
                "threeLetterCode": "PAN"
            }
        },
        "PG": {
            "names": {
                "name": "Papua_New_Guinea",
                "numericCode": "598",
                "officialName": "Independent_State_of_Papua_New_Guinea",
                "threeLetterCode": "PNG"
            }
        },
        "PY": {
            "names": {
                "name": "Paraguay",
                "numericCode": "600",
                "officialName": "Republic_of_Paraguay",
                "threeLetterCode": "PRY"
            }
        },
        "PE": {
            "names": {
                "name": "Peru",
                "numericCode": "604",
                "officialName": "Republic_of_Peru",
                "threeLetterCode": "PER"
            }
        },
        "PH": {
            "names": {
                "name": "Philippines",
                "numericCode": "608",
                "officialName": "Republic_of_the_Philippines",
                "threeLetterCode": "PHL"
            }
        },
        "PL": {
            "names": {
                "name": "Poland",
                "numericCode": "616",
                "officialName": "Republic_of_Poland",
                "threeLetterCode": "POL"
            }
        },
        "PT": {
            "names": {
                "name": "Portugal",
                "numericCode": "620",
                "officialName": "Portuguese_Republic",
                "threeLetterCode": "PRT"
            }
        },
        "QA": {
            "names": {
                "name": "Qatar",
                "numericCode": "634",
                "officialName": "State_of_Qatar",
                "threeLetterCode": "QAT"
            }
        },
        "CG": {
            "names": {
                "name": "Republic_of_the_Congo",
                "numericCode": "178",
                "officialName": "Republic_of_the_Congo",
                "threeLetterCode": "COG"
            }
        },
        "RO": {
            "names": {
                "name": "Romania",
                "numericCode": "642",
                "officialName": "Romania",
                "threeLetterCode": "ROU"
            }
        },
        "RU": {
            "names": {
                "name": "Russia",
                "numericCode": "643",
                "officialName": "Russian_Federation",
                "threeLetterCode": "RUS"
            }
        },
        "RW": {
            "names": {
                "name": "Rwanda",
                "numericCode": "646",
                "officialName": "Republic_of_Rwanda",
                "threeLetterCode": "RWA"
            }
        },
        "KN": {
            "names": {
                "name": "Saint_Kitts_and_Nevis",
                "numericCode": "659",
                "officialName": "Federation_of_Saint_Kitts_and_Nevis",
                "threeLetterCode": "KNA"
            }
        },
        "LC": {
            "names": {
                "name": "Saint_Lucia",
                "numericCode": "662",
                "officialName": "Saint_Lucia",
                "threeLetterCode": "LCA"
            }
        },
        "VC": {
            "names": {
                "name": "Saint_Vincent_and_the_Grenadines",
                "numericCode": "670",
                "officialName": "Saint_Vincent_and_the_Grenadines",
                "threeLetterCode": "VCT"
            }
        },
        "WS": {
            "names": {
                "name": "Samoa",
                "numericCode": "882",
                "officialName": "Independent_State_of_Samoa",
                "threeLetterCode": "WSM"
            }
        },
        "SM": {
            "names": {
                "name": "San_Marino",
                "numericCode": "674",
                "officialName": "Republic_of_San_Marino",
                "threeLetterCode": "SMR"
            }
        },
        "ST": {
            "names": {
                "name": "Sao_Tome_and_Principe",
                "numericCode": "678",
                "officialName": "Democratic_Republic_of_Sao_Tome_and_Principe",
                "threeLetterCode": "STP"
            }
        },
        "SA": {
            "names": {
                "name": "Saudi_Arabia",
                "numericCode": "682",
                "officialName": "Kingdom_of_Saudi_Arabia",
                "threeLetterCode": "SAU"
            }
        },
        "SN": {
            "names": {
                "name": "Senegal",
                "numericCode": "686",
                "officialName": "Republic_of_Senegal",
                "threeLetterCode": "SEN"
            }
        },
        "RS": {
            "names": {
                "name": "Serbia",
                "numericCode": "688",
                "officialName": "Republic_of_Serbia",
                "threeLetterCode": "SRB"
            }
        },
        "SC": {
            "names": {
                "name": "Seychelles",
                "numericCode": "690",
                "officialName": "Republic_of_Seychelles",
                "threeLetterCode": "SYC"
            }
        },
        "SL": {
            "names": {
                "name": "Sierra_Leone",
                "numericCode": "694",
                "officialName": "Republic_of_Sierra_Leone",
                "threeLetterCode": "SLE"
            }
        },
        "SG": {
            "names": {
                "name": "Singapore",
                "numericCode": "702",
                "officialName": "Republic_of_Singapore",
                "threeLetterCode": "SGP"
            }
        },
        "SK": {
            "names": {
                "name": "Slovakia",
                "numericCode": "703",
                "officialName": "Slovak_Republic",
                "threeLetterCode": "SVK"
            }
        },
        "SI": {
            "names": {
                "name": "Slovenia",
                "numericCode": "705",
                "officialName": "Republic_of_Slovenia",
                "threeLetterCode": "SVN"
            }
        },
        "SB": {
            "names": {
                "name": "Solomon_Islands",
                "numericCode": "090",
                "officialName": "Solomon_Islands",
                "threeLetterCode": "SLB"
            }
        },
        "SO": {
            "names": {
                "name": "Somalia",
                "numericCode": "706",
                "officialName": "Federal_Republic_of_Somalia",
                "threeLetterCode": "SOM"
            }
        },
        "ZA": {
            "names": {
                "name": "South_Africa",
                "numericCode": "710",
                "officialName": "Republic_of_South_Africa",
                "threeLetterCode": "ZAF"
            }
        },
        "KR": {
            "names": {
                "name": "South_Korea",
                "numericCode": "410",
                "officialName": "Republic_of_Korea",
                "threeLetterCode": "KOR"
            }
        },
        "SS": {
            "names": {
                "name": "South_Sudan",
                "numericCode": "728",
                "officialName": "Republic_of_South_Sudan",
                "threeLetterCode": "SSD"
            }
        },
        "ES": {
            "names": {
                "name": "Spain",
                "numericCode": "724",
                "officialName": "Kingdom_of_Spain",
                "threeLetterCode": "ESP"
            }
        },
        "LK": {
            "names": {
                "name": "Sri_Lanka",
                "numericCode": "144",
                "officialName": "Democratic_Socialist_Republic_of_Sri_Lanka",
                "threeLetterCode": "LKA"
            }
        },
        "SD": {
            "names": {
                "name": "Sudan",
                "numericCode": "729",
                "officialName": "Republic_of_the_Sudan",
                "threeLetterCode": "SDN"
            }
        },
        "SR": {
            "names": {
                "name": "Suriname",
                "numericCode": "740",
                "officialName": "Republic_of_Suriname",
                "threeLetterCode": "SUR"
            }
        },
        "SE": {
            "names": {
                "name": "Sweden",
                "numericCode": "752",
                "officialName": "Kingdom_of_Sweden",
                "threeLetterCode": "SWE"
            }
        },
        "CH": {
            "names": {
                "name": "Switzerland",
                "numericCode": "756",
                "officialName": "Swiss_Confederation",
                "threeLetterCode": "CHE"
            }
        },
        "SY": {
            "names": {
                "name": "Syria",
                "numericCode": "760",
                "officialName": "Syrian_Arab_Republic",
                "threeLetterCode": "SYR"
            }
        },
        "TW": {
            "names": {
                "name": "Taiwan",
                "numericCode": "158",
                "officialName": "Republic_of_China",
                "threeLetterCode": "TWN"
            }
        },
        "TJ": {
            "names": {
                "name": "Tajikistan",
                "numericCode": "762",
                "officialName": "Republic_of_Tajikistan",
                "threeLetterCode": "TJK"
            }
        },
        "TZ": {
            "names": {
                "name": "Tanzania",
                "numericCode": "834",
                "officialName": "United_Republic_of_Tanzania",
                "threeLetterCode": "TZA"
            }
        },
        "TH": {
            "names": {
                "name": "Thailand",
                "numericCode": "764",
                "officialName": "Kingdom_of_Thailand",
                "threeLetterCode": "THA"
            }
        },
        "TL": {
            "names": {
                "name": "Timor_Leste",
                "numericCode": "626",
                "officialName": "Democratic_Republic_of_Timor_Leste",
                "threeLetterCode": "TLS"
            }
        },
        "TG": {
            "names": {
                "name": "Togo",
                "numericCode": "768",
                "officialName": "Togolese_Republic",
                "threeLetterCode": "TGO"
            }
        },
        "TK": {
            "names": {
                "name": "Tokelau",
                "numericCode": "772",
                "officialName": "Tokelau",
                "threeLetterCode": "TKL"
            }
        },
        "TO": {
            "names": {
                "name": "Tonga",
                "numericCode": "776",
                "officialName": "Kingdom_of_Tonga",
                "threeLetterCode": "TON"
            }
        },
        "TT": {
            "names": {
                "name": "Trinidad_and_Tobago",
                "numericCode": "780",
                "officialName": "Republic_of_Trinidad_and_Tobago",
                "threeLetterCode": "TTO"
            }
        },
        "TN": {
            "names": {
                "name": "Tunisia",
                "numericCode": "788",
                "officialName": "Republic_of_Tunisia",
                "threeLetterCode": "TUN"
            }
        },
        "TR": {
            "names": {
                "name": "Turkey",
                "numericCode": "792",
                "officialName": "Republic_of_Turkey",
                "threeLetterCode": "TUR"
            }
        },
        "TM": {
            "names": {
                "name": "Turkmenistan",
                "numericCode": "795",
                "officialName": "Turkmenistan",
                "threeLetterCode": "TKM"
            }
        },
        "TV": {
            "names": {
                "name": "Tuvalu",
                "numericCode": "798",
                "officialName": "Tuvalu",
                "threeLetterCode": "TUV"
            }
        },
        "UG": {
            "names": {
                "name": "Uganda",
                "numericCode": "800",
                "officialName": "Republic_of_Uganda",
                "threeLetterCode": "UGA"
            }
        },
        "UA": {
            "names": {
                "name": "Ukraine",
                "numericCode": "804",
                "officialName": "Ukraine",
                "threeLetterCode": "UKR"
            }
        },
        "AE": {
            "names": {
                "name": "United_Arab_Emirates",
                "numericCode": "784",
                "officialName": "United_Arab_Emirates",
                "threeLetterCode": "ARE"
            }
        },
        "GB": {
            "names": {
                "name": "United_Kingdom",
                "numericCode": "826",
                "officialName": "United_Kingdom_of_Great_Britain_and_Northern_Ireland",
                "threeLetterCode": "GBR"
            }
        },
        "US": {
            "names": {
                "name": "United_States",
                "numericCode": "840",
                "officialName": "United_States_of_America",
                "threeLetterCode": "USA"
            }
        },
        "UY": {
            "names": {
                "name": "Uruguay",
                "numericCode": "858",
                "officialName": "Eastern_Republic_of_Uruguay",
                "threeLetterCode": "URY"
            }
        },
        "UZ": {
            "names": {
                "name": "Uzbekistan",
                "numericCode": "860",
                "officialName": "Republic_of_Uzbekistan",
                "threeLetterCode": "UZB"
            }
        },
        "VU": {
            "names": {
                "name": "Vanuatu",
                "numericCode": "548",
                "officialName": "Republic_of_Vanuatu",
                "threeLetterCode": "VUT"
            }
        },
        "VA": {
            "names": {
                "name": "Vatican_City",
                "numericCode": "336",
                "officialName": "Vatican_City_State",
                "threeLetterCode": "VAT"
            }
        },
        "VE": {
            "names": {
                "name": "Venezuela",
                "numericCode": "862",
                "officialName": "Bolivarian_Republic_of_Venezuela",
                "threeLetterCode": "VEN"
            }
        },
        "VN": {
            "names": {
                "name": "Vietnam",
                "numericCode": "704",
                "officialName": "Socialist_Republic_of_Viet_Nam",
                "threeLetterCode": "VNM"
            }
        },
        "WF": {
            "names": {
                "name": "Wallis_and_Futuna",
                "numericCode": "876",
                "officialName": "Territory_of_the_Wallis_and_Futuna_Islands",
                "threeLetterCode": "WLF"
            }
        },
        "YE": {
            "names": {
                "name": "Yemen",
                "numericCode": "887",
                "officialName": "Republic_of_Yemen",
                "threeLetterCode": "YEM"
            }
        },
        "ZM": {
            "names": {
                "name": "Zambia",
                "numericCode": "894",
                "officialName": "Republic_of_Zambia",
                "threeLetterCode": "ZMB"
            }
        },
        "ZW": {
            "names": {
                "name": "Zimbabwe",
                "numericCode": "716",
                "officialName": "Republic_of_Zimbabwe",
                "threeLetterCode": "ZWE"
            }
        }
    }
}